{
  "defaultSeverity": "warning",
  "extends": ["tslint:recommended", "tslint-use-atom-disposables"],
  "jsRules": {},
  "defaultSeverity": "error",
  "rules": {
    "semicolon": false,
    "object-literal-sort-keys": false,
    "member-access": true,
    "ordered-imports": true,
    "interface-name": [true, "never-prefix"],
    "no-console": false,
    "arrow-parens": false,
    "align": false,
    "variable-name": [true, "ban-keywords", "check-format", "allow-leading-underscore"],
    "no-empty-interface": false,
    "no-empty": false,
    "trailing-comma": false,
    "whitespace": false,
    "curly": [true, "ignore-same-line"],
    "object-literal-key-quotes": false,
    "strict-boolean-expressions": [
      true,
      "allow-null-union",
      "allow-undefined-union",
      "allow-string",
      "allow-boolean-or-undefined"
    ],
    "strict-type-predicates": true,
    "no-unsafe-any": true,
    "no-unbound-method": true,
    "no-shadowed-variable": true,
    "no-floating-promises": true,
    "await-promise": true,
    "array-type": [true, "array-simple"]
  },
  "rulesDirectory": []
}
