{
  "npmScope": "nx-example",
  "implicitDependencies": {
    "angular.json": "*",
    "package.json": "*",
    "tsconfig.json": "*",
    "tslint.json": "*",
    "nx.json": "*"
  },
  "tasksRunnerOptions": {
    "default": {
      "runner": "@nrwl/insights",
      "options": {
        "insightsUrl": "https://api.staging.nrwl.io",
        "accessToken": "ZDA5MzcyNmItZTUyZS00YzE3LThiM2EtZjYzNjRhM2MwNWZmfHJlYWQ=",
        "cacheableOperations": ["build", "lint", "test"]
      }
    }
  },
  "projects": {
    "products-e2e": {
      "tags": ["scope:products", "type:e2e"],
      "implicitDependencies": ["products"]
    },
    "products": {
      "tags": ["type:app", "scope:products"],
      "implicitDependencies": ["shared-assets", "shared-styles"]
    },
    "cart": {
      "tags": ["type:app", "scope:cart"],
      "implicitDependencies": ["shared-assets", "shared-styles"]
    },
    "cart-e2e": {
      "tags": ["scope:cart", "type:e2e"],
      "implicitDependencies": ["cart"]
    },
    "shared-product-types": {
      "tags": ["type:types", "scope:shared"]
    },
    "shared-product-data": {
      "tags": ["type:data", "scope:shared"]
    },
    "shared-product-ui": {
      "tags": ["scope:shared", "type:ui"]
    },
    "products-home-page": {
      "tags": ["scope:products", "type:feature"]
    },
    "cart-cart-page": {
      "tags": ["scope:cart", "type:feature"]
    },
    "shared-e2e-utils": {
      "tags": ["scope:shared", "type:e2e-utils"]
    },
    "shared-jsxify": {
      "tags": ["scope:shared", "type:types"]
    },
    "shared-cart-state": {
      "tags": ["scope:shared", "type:state"]
    },
    "shared-product-state": {
      "tags": ["scope:shared", "type:state"]
    },
    "shared-assets": {
      "tags": ["type:assets", "scope:shared"]
    },
    "shared-header": {
      "tags": ["scope:shared", "type:ui"]
    },
    "products-product-detail-page": {
      "tags": ["type:feature", "scope:products"]
    },
    "shared-styles": {
      "tags": ["scope:shared", "type:styles"]
    }
  }
}
