{
  "rulesDirectory": [
    "node_modules/@nrwl/workspace/src/tslint",
    "node_modules/codelyzer"
  ],
  "rules": {
    "arrow-return-shorthand": true,
    "callable-types": true,
    "class-name": true,
    "deprecation": {
      "severity": "warn"
    },
    "forin": true,
    "import-blacklist": [true, "rxjs/Rx"],
    "interface-over-type-literal": true,
    "member-access": false,
    "member-ordering": [
      true,
      {
        "order": [
          "static-field",
          "instance-field",
          "static-method",
          "instance-method"
        ]
      }
    ],
    "no-arg": true,
    "no-bitwise": true,
    "no-console": [true, "debug", "info", "time", "timeEnd", "trace"],
    "no-construct": true,
    "no-debugger": true,
    "no-duplicate-super": true,
    "no-empty": false,
    "no-empty-interface": true,
    "no-eval": true,
    "no-inferrable-types": [true, "ignore-params"],
    "no-misused-new": true,
    "no-non-null-assertion": true,
    "no-shadowed-variable": true,
    "no-string-literal": false,
    "no-string-throw": true,
    "no-switch-case-fall-through": true,
    "no-unnecessary-initializer": true,
    "no-unused-expression": true,
    "no-var-keyword": true,
    "object-literal-sort-keys": false,
    "prefer-const": true,
    "radix": true,
    "triple-equals": [true, "allow-null-check"],
    "unified-signatures": true,
    "variable-name": false,
    "ordered-imports": true,
    "nx-enforce-module-boundaries": [
      true,
      {
        "allow": ["@nx-example/shared/product/data/testing"],
        "depConstraints": [
          {
            "sourceTag": "type:app",
            "onlyDependOnLibsWithTags": ["type:feature", "type:ui"]
          },
          {
            "sourceTag": "type:feature",
            "onlyDependOnLibsWithTags": [
              "type:ui",
              "type:data",
              "type:types",
              "type:state"
            ]
          },
          {
            "sourceTag": "type:types",
            "onlyDependOnLibsWithTags": ["type:types"]
          },
          {
            "sourceTag": "type:state",
            "onlyDependOnLibsWithTags": [
              "type:state",
              "type:types",
              "type:data"
            ]
          },
          {
            "sourceTag": "type:data",
            "onlyDependOnLibsWithTags": ["type:types"]
          },
          {
            "sourceTag": "type:e2e",
            "onlyDependOnLibsWithTags": ["type:e2e-utils"]
          },
          {
            "sourceTag": "type:ui",
            "onlyDependOnLibsWithTags": ["type:types", "type:ui"]
          },
          {
            "sourceTag": "scope:products",
            "onlyDependOnLibsWithTags": ["scope:products", "scope:shared"]
          },
          {
            "sourceTag": "scope:cart",
            "onlyDependOnLibsWithTags": ["scope:cart", "scope:shared"]
          }
        ],
        "enforceBuildableLibDependency": true
      }
    ],
    "directive-selector": [true, "attribute", "app", "camelCase"],
    "component-selector": [true, "element", "app", "kebab-case"],
    "no-conflicting-lifecycle": true,
    "no-host-metadata-property": true,
    "no-input-rename": true,
    "no-inputs-metadata-property": true,
    "no-output-native": true,
    "no-output-on-prefix": true,
    "no-output-rename": true,
    "no-outputs-metadata-property": true,
    "template-banana-in-box": true,
    "template-no-negated-async": true,
    "use-lifecycle-interface": true,
    "use-pipe-transform-interface": true
  }
}
